gzceers_id,candels_id,ra,dec,z_candels,bar_type,vollim_flag
88111148,39583,214.865258,52.891662,0.007,No,False
88117030,14123,214.819011,52.799597,0.007,No,False
88105986,28267,214.933568,52.969565,0.007,No,False
88112317,28951,214.900133,52.94311,0.007,No,False
88107644,39099,214.958117,52.951051,0.007,No,False
88112888,22072,214.86817,52.872876,0.035,No,False
88112347,28579,214.834502,52.897101,0.048,No,False
88112381,28861,214.839191,52.90078,0.048,Weak,False
88114387,27734,214.780675,52.842114,0.053,No,False
88111472,27011,214.930747,52.944957,0.054,No,False
88118757,17202,214.809036,52.807761,0.06,No,False
88107779,23975,214.970618,52.957216,0.067,No,False
88111404,26601,214.906487,52.925824,0.069,No,False
88114602,30810,214.783806,52.849065,0.072,No,False
88110325,24956,214.88685,52.903485,0.12,No,False
88114075,26440,214.842171,52.876563,0.144,No,False
88110391,25386,214.868509,52.891036,0.144128,No,False
88116223,11243,214.854184,52.808582,0.157,No,False
88107324,26549,215.00019,52.985071,0.1594,Weak,False
88117662,18040,214.809968,52.808318,0.165,No,False
88114877,31270,214.825841,52.881807,0.174,No,False
88112483,25568,214.859672,52.88813,0.196,No,False
88107965,24146,215.023334,52.990441,0.202949,Weak,False
88111352,26767,214.8792,52.905512,0.203,Weak,False
88117255,15486,214.814801,52.800582,0.2081,Weak,False
88116398,11630,214.905548,52.847618,0.244,No,False
88118124,19948,214.805427,52.814735,0.2624,No,False
88113391,23328,214.777149,52.814118,0.2625,No,False
88113273,22560,214.809491,52.834048,0.2658,No,False
88108119,23057,215.017693,52.985344,0.2711,No,False
88115382,27825,214.792922,52.867727,0.279,Weak,False
88118500,21851,214.793788,52.815594,0.2837,Weak,False
88115407,28491,214.794418,52.869759,0.2839,Weak,False
88106009,28510,214.929346,52.965061,0.2842,No,False
88117771,17949,214.858251,52.84611,0.284804,No,False
88118332,21212,214.875521,52.866445,0.306,Weak,False
88118175,19551,214.806358,52.816942,0.31,No,False
88118025,37519,214.858248,52.851466,0.318,No,False
88115329,27905,214.767235,52.849133,0.3272,No,False
88117520,17188,214.834902,52.822493,0.344,Weak,False
88111479,27361,214.936226,52.948293,0.3473,No,False
88111420,27508,214.884491,52.910204,0.3487,Weak,False
88111421,27115,214.883607,52.909937,0.349321,No,False
88113399,24986,214.868884,52.871557,0.35,No,False
88106506,30682,214.960958,52.977548,0.3534,Weak,False
88117692,17990,214.832951,52.825405,0.3537,No,False
88106367,29600,215.005518,53.011897,0.3537,No,False
88108660,21735,214.983927,52.953488,0.354,Weak,False
88117914,18806,214.882072,52.865508,0.3541,Weak,False
88106144,28725,214.942452,52.971893,0.362,No,False
88114591,30762,214.750265,52.824106,0.367,Strong,False
88111670,31480,214.849807,52.892062,0.3715,No,False
88110257,25355,214.925732,52.928669,0.371615,Weak,False
88111306,26632,214.853522,52.885867,0.3717,Weak,False
88106625,31099,214.95442,52.969919,0.3729,No,False
88107845,23903,214.975172,52.959002,0.3783,No,False
88107383,25879,215.011096,52.992551,0.38594,No,False
88106766,31449,214.988745,52.990579,0.39,No,False
88113208,22407,214.78944,52.81868,0.408,Strong,False
88114463,31548,214.82999,52.879506,0.4348,No,False
88114004,27279,214.782633,52.831067,0.4409,No,False
88106622,31205,214.928752,52.952478,0.441371,Weak,False
88106729,31668,214.957804,52.969939,0.442,No,False
88114657,30749,214.815358,52.870973,0.448,No,False
88107753,24585,215.025499,52.996358,0.4488,Weak,False
88115191,29349,214.807845,52.87491,0.451669,No,False
88109817,23327,214.883818,52.89095,0.4519,No,False
88108022,23244,215.02435,52.991242,0.454,Weak,False
88111588,28642,214.868378,52.903167,0.461668,Weak,False
88105888,26235,214.958696,52.959279,0.4635,Strong,False
88117693,17714,214.832859,52.825842,0.466,Weak,False
88109959,23489,214.921152,52.919514,0.469,No,False
88111364,26994,214.925576,52.938559,0.49,Strong,False
88117025,14470,214.902215,52.857905,0.5,Weak,True
88107707,24320,214.948702,52.943249,0.5086,Weak,False
88111307,26567,214.850353,52.884693,0.509486,No,False
88109430,21473,214.890744,52.887682,0.5272,No,False
88116115,10796,214.898198,52.836786,0.5273,No,False
88116069,10522,214.89201,52.831296,0.541703,Weak,False
88111541,27416,214.909857,52.931438,0.5469,No,True
88112736,20766,214.879485,52.872904,0.5476,Weak,False
88115257,29176,214.773752,52.851934,0.5704,No,True
88106743,31782,215.003389,53.002036,0.574696,Weak,False
88105974,28384,214.921229,52.961748,0.577,No,False
88117128,14679,214.881905,52.846363,0.581,Weak,False
88111338,26493,214.850446,52.885267,0.582,No,False
88109879,23161,214.862367,52.876663,0.583,No,False
88106041,29291,214.942643,52.973951,0.5998,Weak,True
88118538,12955,214.916105,52.851825,0.627,No,True
88116396,11935,214.905978,52.847226,0.63,No,True
88109877,23848,214.871238,52.881743,0.6303,Weak,True
88118388,20631,214.822624,52.833477,0.632,No,True
88113624,24082,214.786461,52.826701,0.6446,Weak,False
88113829,24874,214.846,52.874488,0.648,No,False
88112279,29971,214.844006,52.901821,0.651,No,False
88114644,30888,214.803914,52.863669,0.65318,Strong,False
88111753,31402,214.898066,52.928259,0.656599,No,False
88115232,28937,214.830883,52.892361,0.658,No,True
88116871,13920,214.840149,52.810856,0.661,No,True
88111828,31021,214.910417,52.939146,0.668,No,False
88116777,13359,214.901344,52.852324,0.668139,Weak,False
88116612,13677,214.905265,52.850913,0.6703,No,True
88106674,31584,214.953321,52.968425,0.670873,No,False
88116598,12784,214.853172,52.815084,0.673,Strong,False
88113577,23897,214.787042,52.826067,0.683,Strong,False
88113201,22224,214.80099,52.827094,0.683937,No,True
88117652,17410,214.880611,52.859003,0.685,Weak,False
88117817,18099,214.888648,52.868906,0.6851,No,False
88107662,24979,214.956837,52.949089,0.6869,No,True
88108288,22482,214.969565,52.948835,0.69,No,False
88118253,19976,214.880001,52.871714,0.6913,No,False
88106726,31575,214.935791,52.954589,0.7066,No,False
88106820,28874,214.938723,52.954294,0.7097,Weak,True
88113021,21318,214.811112,52.830546,0.71,No,False
88116219,11633,214.882793,52.827814,0.71515,Weak,True
88108480,22467,214.984907,52.956815,0.7161,Weak,True
88112327,28527,214.835021,52.896394,0.721,No,True
88109724,22495,214.869251,52.872956,0.723,No,True
88118252,19843,214.879514,52.871595,0.726,No,False
88111337,26724,214.927246,52.939558,0.7298,No,False
88118498,21126,214.811052,52.828746,0.729904,No,False
88116855,13753,214.90893,52.85971,0.7301,No,True
88116665,12841,214.851552,52.815274,0.731,No,False
88116397,12286,214.905462,52.84728,0.731179,No,True
88112127,29804,214.840515,52.894994,0.732,Weak,True
88112255,29328,214.83429,52.893795,0.732803,No,True
88116747,13343,214.838108,52.806998,0.735094,No,False
88107704,24543,215.020277,52.99407,0.7359,Weak,True
88116806,13625,214.848596,52.81494,0.7379,No,True
88113136,22284,214.861443,52.868702,0.739,Weak,True
88118672,10945,214.849731,52.803551,0.7393,Weak,False
88115492,28654,214.746516,52.838486,0.7428,No,False
88118307,19994,214.829471,52.836875,0.744,No,False
88106747,31401,215.02079,53.013413,0.744,No,False
88108188,22745,214.978398,52.956469,0.7443,No,False
88117994,18989,214.853443,52.846927,0.745145,Strong,False
88107512,25253,214.970754,52.961765,0.7461,Strong,True
88110301,24954,214.942392,52.942076,0.7498,No,False
88118081,19387,214.81736,52.82295,0.7515,Strong,True
88117654,17319,214.839484,52.829978,0.752,No,False
88118330,20313,214.818113,52.829073,0.7521,Weak,False
88107232,26050,215.028932,53.00966,0.754,No,True
88110183,24852,214.914954,52.919161,0.7545,No,True
88110182,24456,214.915117,52.918659,0.7546,No,True
88109239,20666,214.957671,52.930808,0.755164,No,False
88109886,23585,214.939277,52.930779,0.756,Weak,True
88114512,31348,214.783409,52.847061,0.7567,No,True
88117514,16699,214.821443,52.813508,0.75857,No,False
88111279,26579,214.924025,52.936347,0.761127,Weak,False
88117319,15746,214.819964,52.806376,0.764526,Weak,True
88118052,19076,214.802387,52.811787,0.7646,No,False
88117584,17119,214.809947,52.806992,0.765,Weak,False
88108582,21991,214.978784,52.951375,0.7669,No,False
88111266,26434,214.885508,52.908915,0.7677,Weak,False
88107661,24224,214.957665,52.949022,0.768,No,True
88110297,25288,214.923793,52.92811,0.7683,No,True
88111366,26844,214.913903,52.930264,0.7685,Weak,True
88110396,25389,214.919786,52.927751,0.772,No,False
88116797,13581,214.875926,52.834639,0.7806,No,True
88106689,31168,215.018069,53.013934,0.7808,No,False
88117292,15472,214.872735,52.842825,0.7809,Weak,True
88107234,26270,215.00193,52.990194,0.7816,Weak,True
88118505,21057,214.805205,52.824772,0.783,No,False
88107561,24696,214.97207,52.962455,0.784,No,False
88115457,28124,214.742086,52.83448,0.784,Weak,False
88112176,29526,214.841177,52.897159,0.7841,Strong,False
88111680,31315,214.845471,52.889457,0.7843,Weak,False
88112128,29525,214.83926,52.894632,0.7863,No,True
88116819,35760,214.899086,52.852154,0.79,No,False
88118181,19728,214.813787,52.8228,0.799,Weak,True
88106501,30136,215.010799,53.013322,0.8,No,False
88117541,16755,214.807393,52.804481,0.802,Weak,False
88117891,18386,214.811655,52.815003,0.81212,No,True
88116347,11660,214.889506,52.835719,0.816621,No,False
88117029,14398,214.822605,52.801493,0.8191,Weak,False
88113490,23685,214.799212,52.832564,0.822752,No,True
88113488,23496,214.803737,52.835762,0.825,Strong,False
88114295,27488,214.760674,52.824791,0.826,Weak,True
88109357,21571,214.905445,52.896068,0.8265,No,True
88110232,24773,214.930688,52.931978,0.83034,No,True
88118238,19962,214.816128,52.825599,0.8353,No,True
88110328,25199,214.886438,52.902572,0.8412,Weak,False
88114120,27298,214.784931,52.838236,0.84873,Weak,True
88111380,26867,214.87494,52.903427,0.8512,No,True
88113097,22002,214.801832,52.825389,0.859,Weak,True
88117345,15701,214.866952,52.840999,0.875,No,False
88106155,28919,214.981722,52.998767,0.88387,No,True
88106495,30554,215.011203,53.013766,0.891,No,False
88111471,27292,214.931485,52.945134,0.8933,No,True
88111126,25616,214.881683,52.902044,0.897,Weak,True
88111941,30374,214.915247,52.944972,0.898,No,False
88116990,13942,214.822717,52.800927,0.907,No,False
88117959,18658,214.85759,52.849374,0.9137,No,True
88108810,21076,214.971823,52.942582,0.913758,No,True
88118436,21098,214.816415,52.83018,0.914456,No,True
88105891,26812,215.011783,52.995524,0.915165,No,True
88113028,21369,214.800137,52.823188,0.93,No,False
88118242,19672,214.816073,52.826217,0.935,No,False
88113050,21463,214.783916,52.812076,0.937,No,False
88108464,22194,215.022212,52.984047,0.945,Weak,False
88114663,28162,214.782251,52.848874,0.948,No,False
88106745,27894,215.020276,53.013294,0.9501,Strong,True
88110268,24976,214.909322,52.917299,0.9502,Weak,False
88117205,15079,214.899436,52.86031,0.95131,No,True
88115379,28251,214.825869,52.892108,0.953,Strong,True
88110013,23862,214.933904,52.929559,0.9547,Weak,True
88107986,23441,214.978497,52.959208,0.9595,No,True
88118320,20142,214.825489,52.83422,0.96,Strong,False
88117990,18681,214.826795,52.828188,0.9617,Weak,False
88115387,28335,214.744635,52.834441,0.9628,Strong,False
88111546,27514,214.860872,52.896673,0.9703,Strong,False
88114498,31505,214.760328,52.830562,0.972,Weak,True
88113765,24818,214.782775,52.827709,0.975,No,True
88113362,22950,214.783983,52.818615,0.9773,No,False
88112350,29121,214.886378,52.933623,0.9785,Strong,False
88107706,24323,215.006874,52.984684,0.9808,No,False
88107814,24199,215.006984,52.98197,0.9867,No,True
88107854,23817,215.006543,52.980836,0.9869,No,True
88114820,30359,214.810844,52.870428,0.992,Weak,True
88108303,22680,215.024892,52.986898,1.0072,No,True
88111305,26770,214.852222,52.88583,1.0094,Weak,True
88116185,11366,214.837932,52.796052,1.0166,No,True
88105643,26716,214.947217,52.955033,1.019,No,False
88111771,31354,214.852361,52.896313,1.023,Weak,False
88114909,30495,214.824561,52.880704,1.0233,No,False
88118511,21313,214.795182,52.817652,1.0249,Weak,True
88112446,21746,214.887008,52.88655,1.041,No,False
88108515,22226,214.968976,52.945368,1.0419,Strong,True
88107923,23478,214.957835,52.945657,1.042,No,False
88107483,25146,214.976001,52.96668,1.04521,No,False
88108700,21624,214.983208,52.952008,1.053,No,True
88110121,24121,214.867305,52.885099,1.053,No,True
88117551,16771,214.866441,52.846544,1.059,Weak,False
88109230,20638,214.961283,52.932709,1.0605,No,True
88106271,29422,214.952314,52.976405,1.0621,No,True
88109501,21743,214.88649,52.886167,1.07,Weak,False
88116537,12320,214.903425,52.849401,1.071,No,False
88107828,23940,214.952826,52.943933,1.089,Strong,False
88106801,31643,214.942884,52.95834,1.092,No,False
88113687,24586,214.79307,52.832568,1.0929,No,True
88109483,21981,214.943121,52.925319,1.098,No,True
88108140,22968,215.006421,52.976985,1.10013,Weak,False
88107646,24659,214.958252,52.950751,1.102,No,False
88115096,29351,214.822445,52.883493,1.102453,No,True
88106125,29185,214.930828,52.963412,1.1042,No,True
88111505,27608,214.921112,52.937943,1.1048,No,True
88114596,27976,214.83587,52.885567,1.11,No,True
88106522,31720,214.989497,52.997537,1.11171,Weak,True
88107318,25680,214.994951,52.983044,1.11171,No,True
88109691,22799,214.938356,52.927431,1.11171,No,True
88106259,29396,214.942202,52.969282,1.1127,Weak,True
88106370,30836,214.95386,52.975509,1.1158,No,True
88107038,27059,214.991153,52.986102,1.1188,No,True
88111816,30958,214.845478,52.892656,1.1251,Weak,False
88117314,15374,214.838753,52.819576,1.153,No,False
88116280,11381,214.857112,52.810894,1.158,No,True
88109412,21505,214.902772,52.895315,1.1635,No,True
88113211,22291,214.837132,52.853033,1.1705,No,False
88118798,16056,214.826974,52.812766,1.1707,No,True
88107051,27039,214.964375,52.967088,1.17385,No,True
88117864,18195,214.834487,52.831573,1.174,No,False
88110023,24154,214.874252,52.886936,1.1742,Strong,True
88106124,29151,214.929799,52.963162,1.175,No,True
88113044,21891,214.814495,52.833334,1.1759,Weak,True
88113165,22362,214.83392,52.849549,1.1773,Weak,True
88111296,26668,214.883084,52.907526,1.177578,No,False
88115344,28225,214.754986,52.840931,1.178296,No,True
88111475,27217,214.88054,52.909143,1.1793,Weak,True
88116351,11638,214.862587,52.816712,1.18,No,False
88115819,21815,214.864557,52.870506,1.187,No,False
88116571,12602,214.886531,52.838274,1.1898,No,True
88113465,23578,214.80278,52.834233,1.1901,Strong,True
88118490,21287,214.820364,52.834944,1.1903,No,True
88116812,13445,214.872764,52.833114,1.1908,Weak,True
88109892,23330,214.875518,52.885956,1.1931,No,True
88118366,20244,214.812323,52.824768,1.197,No,True
88108072,23126,214.98295,52.961521,1.198,Weak,False
88106394,29866,215.007503,53.013202,1.199,No,True
88113763,24865,214.824105,52.856996,1.20119,No,True
88114399,30044,214.787071,52.847116,1.213,No,True
88118488,20909,214.820852,52.834361,1.213,No,True
88116588,12823,214.88287,52.835982,1.21666,No,True
88106890,27596,214.945492,52.95749,1.223,No,True
88106762,31279,214.953388,52.965991,1.2297,Weak,True
88109991,23592,214.937755,52.931949,1.231949,No,False
88109949,23426,214.937507,52.930162,1.2338,No,True
88107107,26748,214.953316,52.958116,1.234,Weak,False
88105868,26337,214.964218,52.96413,1.234967,No,True
88106296,30276,214.996791,53.007394,1.2398,No,True
88108615,21713,215.018279,52.978897,1.241,No,True
88107342,25697,215.015852,52.997118,1.2414,No,True
88109298,21013,214.950505,52.927399,1.243,Weak,False
88106767,28132,214.990063,52.99117,1.24342,No,True
88107082,27018,215.006678,52.996174,1.2435,No,True
88106935,27442,214.994232,52.991282,1.24454,No,True
88118367,20762,214.812305,52.824981,1.247,No,True
88112882,29793,214.836876,52.897912,1.251,No,True
88108418,22300,215.016231,52.980037,1.25241,No,True
88112313,29133,214.850458,52.907453,1.253,No,False
88116277,11677,214.85632,52.810668,1.2559,Weak,True
88118184,19618,214.801597,52.814397,1.256837,Weak,True
88113902,25342,214.821016,52.857953,1.25805,Weak,True
88106489,29899,214.995692,53.002745,1.265,Weak,False
88107732,24257,214.949783,52.943602,1.2705,No,False
88111504,39931,214.921267,52.937387,1.273,No,False
88115230,29485,214.741708,52.829082,1.27391,No,True
88107212,25908,215.028721,53.009084,1.281,No,True
88118239,19664,214.797307,52.812624,1.283,No,False
88107713,24262,214.96053,52.95178,1.286,No,False
88116302,11431,214.86292,52.815954,1.287,No,False
88109367,21266,214.923725,52.909507,1.301,Weak,False
88111177,25730,214.886696,52.906968,1.304,Weak,True
88108160,22678,214.983578,52.9604,1.304,No,False
88111610,27792,214.928153,52.946457,1.315,Strong,True
88117660,17334,214.837647,52.828838,1.317,No,False
88115328,28551,214.768703,52.848721,1.33,No,True
88113996,25919,214.798497,52.844391,1.334,No,True
88113152,22078,214.831029,52.847656,1.33614,No,False
88115491,27940,214.740803,52.834675,1.33848,No,True
88109543,22113,214.937766,52.923563,1.34,Weak,True
88111596,27708,214.860298,52.897906,1.3455,Strong,True
88106482,29979,215.008376,53.010795,1.347743,No,True
88113502,23584,214.775367,52.816254,1.34785,No,True
88111416,27020,214.908643,52.927936,1.3494,No,True
88117163,14874,214.817791,52.801109,1.3549,No,True
88116832,13525,214.841979,52.811385,1.3563,No,True
88107427,25256,215.003935,52.987518,1.35726,No,False
88112478,25314,214.925095,52.930536,1.357496,Weak,True
88118676,11659,214.899571,52.84155,1.3582,No,True
88116830,13642,214.841468,52.810895,1.3591,Weak,True
88111991,30615,214.843233,52.893951,1.3608,No,True
88113071,21911,214.853386,52.861641,1.378,No,True
88106403,29799,214.948139,52.971209,1.38572,No,True
88115279,29099,214.824384,52.888988,1.39528,No,True
88115089,29738,214.824433,52.88473,1.396205,No,False
88118100,19266,214.86107,52.854589,1.3966,No,False
88117003,14121,214.874614,52.837943,1.3989,No,True
88116795,13236,214.831603,52.803541,1.411,No,False
88116870,13589,214.908157,52.859712,1.423,No,True
88116440,35420,214.899712,52.844917,1.424,No,False
88115691,22484,214.845401,52.86049,1.452,No,False
88115803,29642,214.75681,52.842493,1.458,Weak,True
88118143,19427,214.830914,52.8342,1.4598,Weak,True
88117201,15045,214.90155,52.861961,1.46946,No,True
88105872,26296,214.944279,52.950026,1.473,No,False
88118268,19886,214.845202,52.847342,1.474,No,False
88116891,14053,214.821348,52.79784,1.492,No,True
88108525,22339,215.019283,52.980556,1.496,No,True
88108826,20982,215.038979,52.989769,1.5,No,True
88106604,30690,214.991361,52.997203,1.501,No,True
88115276,28814,214.740763,52.829269,1.502,No,True
88109381,21320,214.936265,52.918589,1.5033,No,True
88117527,16732,214.879495,52.855469,1.515358,No,True
88109282,20984,214.950094,52.926974,1.520973,No,False
88108691,21356,215.014696,52.974898,1.526,No,False
88117196,15116,214.850802,52.825805,1.5288,No,True
88111195,26056,214.851888,52.883077,1.53017,Weak,True
88111752,31596,214.892339,52.924454,1.5316,No,True
88112320,29805,214.837906,52.898592,1.534,No,False
88107222,26390,214.999856,52.988709,1.5345,Weak,True
88107337,25789,215.011201,52.993913,1.537052,Weak,True
88116818,13670,214.832052,52.803992,1.5379,No,True
88116359,11887,214.914554,52.853455,1.5388,No,True
88114067,26210,214.843213,52.87672,1.5388,No,True
88106795,28145,215.008355,53.004681,1.541,No,False
88114155,26831,214.829588,52.870508,1.5429,Weak,True
88116673,12900,214.857462,52.819607,1.54467,No,True
88113879,25281,214.844048,52.873541,1.546,Weak,True
88114003,25947,214.782642,52.832612,1.547,Weak,True
88115015,29775,214.769512,52.84408,1.555,No,False
88108627,21890,215.014154,52.975103,1.5625,No,False
88113650,24042,214.824007,52.853734,1.563,No,False
88109933,23305,214.868734,52.881605,1.568,Strong,False
88107547,24803,214.960667,52.954392,1.571,Strong,True
88115032,30304,214.750132,52.8309,1.571,Strong,False
88110188,24269,214.945161,52.941089,1.573,No,True
88108548,38416,215.01979,52.981248,1.576,No,False
88113877,25164,214.848613,52.876905,1.57668,Weak,True
88112373,28295,214.845793,52.905269,1.5806,No,True
88112371,28397,214.846438,52.905084,1.58069,No,True
88112039,29725,214.850074,52.900361,1.58183,No,True
88107722,39128,215.010835,52.987276,1.582,No,False
88106590,30879,214.991147,52.997677,1.585,No,False
88115363,28708,214.75202,52.839348,1.592,No,False
88117254,15036,214.815532,52.800022,1.599,No,True
88109856,23222,214.926814,52.922178,1.60127,No,False
88111169,25715,214.87491,52.898938,1.603,No,False
88114917,41224,214.823868,52.880932,1.604,No,False
88108623,21453,215.013498,52.97526,1.609,No,True
88108413,22257,215.016584,52.980542,1.613,No,True
88109434,21479,214.871265,52.873854,1.619,No,True
88108238,22552,214.960372,52.942891,1.625,No,False
88108229,22844,214.972999,52.95185,1.629,Weak,True
88117667,17245,214.884432,52.862488,1.631,Weak,False
88114790,31281,214.778075,52.844322,1.6341,No,True
88113401,23259,214.8006,52.831613,1.645,Weak,True
88108228,22659,214.967998,52.948407,1.646,Weak,False
88108736,21295,214.975852,52.946218,1.655,No,False
88106979,40061,214.951999,52.960395,1.657,No,True
88116916,13878,214.87118,52.834067,1.666,No,True
88106559,29608,215.010143,53.011333,1.672,No,True
88107394,25604,214.966257,52.961449,1.6728,No,False
88108155,23091,215.041322,53.000964,1.673,No,False
88107043,26834,214.971107,52.971978,1.67647,No,True
88116326,11790,214.904058,52.845541,1.683,No,False
88106215,29149,215.007818,53.016823,1.687,No,False
88114449,31385,214.819942,52.872311,1.692,Weak,False
88117103,14576,214.891212,52.852392,1.696,Strong,True
88106739,27909,214.964105,52.974252,1.702,No,True
88106496,30474,214.953877,52.973084,1.703,No,False
88107241,26119,214.971943,52.968754,1.706,No,True
88108470,22153,214.982042,52.955489,1.713,No,True
88111173,25757,214.874473,52.898743,1.717,No,False
88108043,23148,214.969137,52.951959,1.721,Weak,True
88118218,37794,214.817061,52.826319,1.723,No,True
88117091,14517,214.899421,52.858182,1.72372,No,True
88106110,28926,214.983618,53.001925,1.726,No,True
88113642,24065,214.822755,52.852693,1.732,No,False
88114671,30763,214.748768,52.825035,1.735,Weak,True
88107619,24548,215.001072,52.981732,1.744,No,True
88108553,21784,215.018063,52.97997,1.744,No,False
88117526,36923,214.879376,52.855307,1.751,No,True
88106533,30451,215.014078,53.01481,1.752,No,True
88109351,21115,214.873826,52.874006,1.759,No,False
88108475,22228,214.982749,52.955658,1.769,No,True
88111906,30618,214.848709,52.897175,1.771,No,False
88114672,28141,214.780197,52.847592,1.774,No,True
88117036,14565,214.881262,52.843789,1.777,No,True
88109247,20738,214.955843,52.929812,1.778,No,True
88117164,14654,214.817724,52.801451,1.779,No,True
88117334,15638,214.864368,52.83886,1.779,No,True
88117233,15054,214.896912,52.859535,1.783,No,True
88114148,26120,214.81123,52.857422,1.784,No,True
88116122,10629,214.858329,52.808945,1.79,No,False
88107407,25352,214.977237,52.969322,1.791,No,False
88116645,12881,214.845476,52.810457,1.79128,No,True
88107210,26418,215.028287,53.009209,1.796,No,True
88106161,40912,214.994682,53.008736,1.798,No,False
88116512,12397,214.855196,52.81465,1.79827,No,True
88112178,29554,214.86508,52.914387,1.79827,No,True
88109423,21916,214.877906,52.876549,1.8,No,True
88106875,27663,214.995448,52.993637,1.806,Strong,True
88111430,26980,214.866346,52.898351,1.81229,No,True
88113840,25155,214.845693,52.874175,1.816,No,True
88107131,39785,215.020544,53.005102,1.817,No,True
88108191,22852,214.968749,52.949387,1.818,No,True
88111524,27358,214.864775,52.899105,1.823,No,True
88106703,31457,215.013582,53.009909,1.823,Weak,True
88108778,21166,215.046618,52.995676,1.83,No,True
88117646,17249,214.835867,52.825735,1.83,No,True
88113372,23048,214.801141,52.831057,1.834,No,True
88108716,21256,215.011762,52.972334,1.837,No,True
88118346,20248,214.81304,52.826127,1.8378,No,True
88118006,18761,214.829128,52.83018,1.843,No,True
88115148,29374,214.764322,52.843227,1.859,No,True
88111787,31409,214.910726,52.938548,1.867,No,True
88109699,22738,214.878344,52.885352,1.869,No,True
88107135,26510,215.020188,53.005255,1.871,No,True
88117199,14870,214.851279,52.825604,1.879,No,True
88108807,38040,214.97179,52.942724,1.883,No,False
88107132,26461,215.020654,53.005267,1.887,No,True
88111334,26450,214.87991,52.906183,1.891,No,False
88110274,24820,214.862417,52.884376,1.902,Weak,True
88113324,22922,214.799523,52.829018,1.9081,Weak,True
88116257,11386,214.863495,52.815582,1.91247,No,True
88114997,30144,214.750716,52.82988,1.91538,No,True
88118712,15268,214.898483,52.861707,1.91684,No,True
88118259,19964,214.852589,52.852532,1.919,No,True
88118336,20175,214.815667,52.827571,1.921,Weak,True
88117281,15371,214.874676,52.843663,1.9213,No,True
88118386,20608,214.803202,52.81991,1.9256,No,False
88109698,22739,214.930219,52.921994,1.928,No,True
88118204,19591,214.868487,52.862293,1.933,No,True
88107173,39730,214.99623,52.987631,1.938,No,False
88114499,31125,214.819481,52.872886,1.939,No,True
88113036,21566,214.800055,52.823375,1.941,No,False
88117285,36512,214.874573,52.844355,1.941,No,True
88105705,31175,215.011259,53.013617,1.941,No,True
88114998,29974,214.75156,52.830206,1.944,No,True
88112485,25828,214.914537,52.927186,1.945,No,True
88116362,11685,214.894536,52.839344,1.948,Weak,True
88108643,21299,215.045876,52.998061,1.955,No,True
88113018,21382,214.864079,52.867946,1.959,Weak,True
88116305,11576,214.844876,52.803265,1.96,No,True
88114184,26799,214.811287,52.858629,1.963,No,True
88115000,30186,214.751209,52.830084,1.963,No,True
88117321,15483,214.815297,52.803392,1.965,No,True
88118605,20207,214.804651,52.819746,1.972,No,False
88115212,28810,214.813096,52.879768,1.975,No,False
88118507,21099,214.825033,52.839056,1.982,Strong,True
88113279,22646,214.853866,52.866776,1.988,No,True
88116126,10655,214.857523,52.808435,1.99,No,False
88114634,30822,214.776251,52.844282,1.999,No,True
88112907,29162,214.848647,52.904904,2.001,No,True
88113804,25210,214.852165,52.877861,2.002,Weak,True
88109313,21234,214.887104,52.88299,2.0049,No,True
88107493,25098,214.948564,52.946962,2.0166,Weak,True
88118383,20359,214.804042,52.819658,2.019,No,True
88111335,26516,214.921473,52.935694,2.031,No,True
88107274,26048,214.942054,52.946425,2.038,No,False
88109635,22356,214.939514,52.926606,2.039,Weak,True
88109719,22693,214.916302,52.912503,2.04,No,False
88117841,18278,214.822518,52.822676,2.046,No,False
88118416,20837,214.844651,52.850141,2.051,No,True
88113379,23205,214.850559,52.866433,2.06,Strong,True
88111635,40126,214.879015,52.912141,2.066,No,True
88106825,27766,214.942132,52.957421,2.077,No,False
88114454,27831,214.771126,52.836612,2.091,Weak,True
88116433,11981,214.913179,52.854237,2.107,No,False
88108106,23096,215.010296,52.980615,2.112,Weak,True
88106053,28503,214.954136,52.982585,2.117,No,True
88114561,31220,214.764714,52.834878,2.13303,No,True
88117825,18153,214.819687,52.820329,2.1342,No,True
88111876,30982,214.896092,52.929955,2.137,No,False
88118408,20464,214.858893,52.860432,2.149,No,True
88111463,26886,214.879455,52.908383,2.151,Strong,True
88113096,21797,214.811724,52.832755,2.153,No,True
88117097,14559,214.901842,52.859847,2.155,No,True
88115114,29605,214.814955,52.878625,2.157,No,True
88118377,20050,214.804841,52.819911,2.1583,No,False
88112208,30901,214.90905,52.946452,2.15977,No,True
88114862,30519,214.818767,52.876793,2.1629,No,True
88114826,30435,214.812384,52.870898,2.1666,No,True
88116403,11878,214.828548,52.793622,2.171,No,False
88105830,30521,214.996385,53.003357,2.171,No,False
88106505,30314,214.986015,52.995661,2.176,Weak,True
88113258,22514,214.855602,52.867544,2.195,No,True
88107803,23990,214.950164,52.942153,2.202,No,True
88107182,26321,215.021577,53.005382,2.222,No,True
88115081,28927,214.80047,52.86749,2.223,No,True
88116721,13078,214.890349,52.843686,2.229,No,True
88118219,19739,214.816821,52.82627,2.2295,No,True
88108663,21584,215.038988,52.992527,2.231,No,True
88108523,21712,215.020002,52.980768,2.232,No,True
88110420,25668,214.906327,52.91908,2.2344,No,True
88110078,24085,214.921702,52.922213,2.243,No,True
88114382,28178,214.780194,52.841876,2.2564,Weak,True
88107701,24458,215.010933,52.987686,2.2603,No,True
88112261,28915,214.836121,52.896067,2.28873,No,True
88112972,21090,214.855649,52.859967,2.2901,No,True
88106624,30609,215.007295,53.008198,2.291,No,True
88115780,30873,214.820476,52.87448,2.2918,No,True
88109532,21986,214.904781,52.899592,2.2928,No,True
88116845,13776,214.89872,52.852445,2.2971,No,True
88116365,11764,214.901311,52.844194,2.3022,No,False
88113686,24328,214.849446,52.873055,2.304,No,True
88113664,24268,214.850981,52.873491,2.3119,No,True
88108646,21768,215.046009,52.997775,2.316,No,True
88112209,29596,214.858649,52.910675,2.317,Strong,True
88106058,30394,214.983034,53.002424,2.323,No,True
88106400,28864,215.010244,53.015138,2.336,No,True
88107784,24050,214.970966,52.957352,2.35348,No,True
88109814,23169,214.863603,52.87678,2.356,Weak,True
88118733,15652,214.81929,52.807098,2.356,No,True
88107787,24194,214.970966,52.95765,2.3655,No,True
88109420,21428,214.881078,52.880809,2.367,No,True
88113936,25539,214.78655,52.83421,2.367,No,True
88111702,31181,214.877117,52.912816,2.372,No,True
88106899,27564,214.936851,52.951744,2.3749,No,True
88108091,23031,214.98091,52.959951,2.382,No,True
88112382,28663,214.829288,52.894014,2.44,No,False
88113360,22927,214.847554,52.863955,2.444,No,True
88116242,11218,214.852861,52.808029,2.447,No,True
88109266,20778,214.901442,52.892195,2.452,No,False
88112247,29317,214.903534,52.943706,2.471,No,False
88116958,13932,214.873202,52.836359,2.479,No,True
88113275,22656,214.808534,52.834267,2.481,No,True
88116896,13714,214.890074,52.847437,2.487,No,True
88115365,29106,214.775319,52.856019,2.487,No,True
88108570,21736,215.039994,52.995072,2.511,No,True
88112569,29144,214.900371,52.943033,2.513,No,True
88107976,23342,214.986857,52.965691,2.533,No,True
88107613,24649,215.033878,53.004951,2.537,No,True
88110138,24174,214.884431,52.897337,2.558,Weak,True
88107438,25325,214.994725,52.980963,2.559,Weak,True
88107270,25800,214.947691,52.950621,2.569,No,True
88115056,29770,214.777629,52.850782,2.571,No,True
88110383,25413,214.853867,52.880618,2.578,No,False
88108650,21510,215.046684,52.997726,2.582,No,True
88108225,22549,215.025038,52.98896,2.584,No,False
88113257,22457,214.78309,52.815912,2.587,No,True
88107473,25064,215.02663,53.003074,2.593,No,False
88106978,27216,214.951872,52.960497,2.6,No,True
88115362,28429,214.793793,52.868967,2.623,No,True
88108708,21497,215.021712,52.979303,2.635,No,True
88117053,14264,214.83583,52.811969,2.635,No,True
88115183,28997,214.801729,52.870758,2.638,No,True
88114019,25875,214.795921,52.843281,2.642,No,True
88111686,31362,214.92457,52.94623,2.655,No,True
88115613,29131,214.763395,52.847763,2.659,No,True
88115618,29504,214.743736,52.836814,2.66,No,True
88111531,27208,214.903272,52.926732,2.676,No,True
88112292,28647,214.836029,52.896602,2.696,No,True
88106883,27572,214.989455,52.988358,2.701,No,True
88108405,22164,214.978635,52.953971,2.708,No,True
88109535,21871,214.905059,52.900006,2.727,No,True
88118585,18694,214.855401,52.848829,2.73,No,True
88108558,22082,214.966095,52.942763,2.751,No,True
88112115,30004,214.91141,52.945618,2.758,No,True
88112506,26188,214.904969,52.922465,2.768,No,True
88106462,29579,214.936932,52.961684,2.769,No,True
88106984,27094,214.988314,52.986121,2.778,No,True
88105790,21003,215.027289,52.981821,2.783,No,True
88110149,24189,214.890414,52.901552,2.784,No,True
88106845,27795,215.013487,53.007199,2.804,No,True
88106815,31599,214.992966,52.993626,2.817,No,True
88114525,31190,214.782238,52.846811,2.859,No,True
88117727,17648,214.837304,52.830387,2.859,No,True
88113296,22729,214.777395,52.81263,2.864,No,True
88106572,30390,215.005235,53.007825,2.893,No,True
88110407,25373,214.928633,52.93504,2.928,Weak,True
88108837,20920,215.024434,52.979197,2.934,No,True
88114578,31775,214.802986,52.862226,2.95,No,True
88107101,26504,215.0177,53.004146,2.954,No,True
88113943,25490,214.791513,52.838057,2.968,No,True
88110236,24528,214.930936,52.932553,2.979,Strong,False
88115219,28891,214.800365,52.870904,2.981,No,True
88110323,25104,214.88721,52.903245,2.99,Strong,True
88116900,13638,214.821801,52.798923,2.996,No,True
88110136,24108,214.922761,52.924624,3.046,Weak,False
88105726,27595,214.988715,52.988613,3.087,No,True
88117537,16688,214.835386,52.824324,3.089,No,True
88118224,19741,214.81952,52.828288,3.0952,No,True
88112230,29400,214.904689,52.944162,3.115,No,False
88115186,29279,214.770143,52.848214,3.125,Weak,True
88113027,21378,214.853886,52.861307,3.164,No,True
88109987,23533,214.897316,52.902961,3.169,No,True
88116504,12205,214.828756,52.795868,3.189,No,True
88107693,24322,214.972376,52.960603,3.194,No,True
88109388,21296,214.901428,52.894096,3.206,No,True
88118058,18875,214.873604,52.863033,3.267,No,False
88106476,30172,214.97992,52.991951,3.285,No,True
88115737,26320,214.831678,52.871413,3.289,No,True
88112019,30099,214.861497,52.908541,3.365,No,True
88113267,22456,214.856285,52.86804,3.389,No,True
88112026,30273,214.838102,52.891925,3.402,No,True
88115740,26312,214.823964,52.865893,3.418,No,True
88116339,11592,214.888647,52.835172,3.4375,No,True
88110096,23926,214.890776,52.900906,3.44,No,True
88118017,18676,214.858392,52.85129,3.442,No,True
88108684,21363,214.977042,52.948375,3.486,No,True
88116581,12511,214.900435,52.848833,3.526,No,False
88106663,40502,214.996132,52.999106,3.547,No,False
88106944,27249,214.964574,52.970132,3.564,No,True
88106998,26968,215.006362,52.998704,3.597,No,True
88113113,21839,214.851797,52.862021,3.645,No,True
88114979,29951,214.753383,52.832358,3.656,No,True
88114803,30372,214.825794,52.88009,3.745,No,True
88116719,12965,214.895861,52.847559,3.76,Weak,True
88116987,13892,214.880591,52.842142,3.761,No,True
88117472,16339,214.812626,52.805217,3.777,No,True
88111973,30409,214.853175,52.90161,3.809,No,True
88113826,24988,214.771011,52.820887,3.861,No,True
88111688,27920,214.854902,52.896853,3.9,No,True
88116471,12039,214.861686,52.818438,3.915,No,True
88111516,27179,214.881077,52.910517,3.916,No,True
88107448,25147,214.955888,52.953409,3.992,No,True
88111411,26723,214.870095,52.900751,4.013,No,False
88115294,40843,214.771907,52.852309,4.047,No,False
88112454,22246,214.943908,52.929721,4.526,No,False
88115714,25270,214.833519,52.867079,5.026,No,False
88111577,27474,214.918888,52.939157,5.027,No,False
88118600,19696,214.855811,52.854654,5.167,No,False
88111898,30542,214.913803,52.943024,5.18,No,False
88113483,23395,214.807043,52.838183,5.538,No,False
88107808,23825,214.985668,52.967575,5.789,No,False
88117929,18384,214.864418,52.853659,6.132,No,False
88118398,20341,214.859812,52.860614,6.772,No,False
